company_name,sub_vertical,company_size,geo_market,website,first_name,last_name,title,email,phone,linkedin_url,source,intent_signal_1,intent_signal_2
Sample Structural Partners,Structural Engineering,45,UK,https://example-structural.test,Alex,Whitfield,Operations Director,alex.whitfield@example-structural.test,+44 20 7946 0001,https://linkedin.com/in/example-alex-whitfield,manual_sample,posted 3 open drafting roles in the last month,
Northbridge MEP Consultants,MEP Contracting,80,UK,https://example-northbridge.test,Priya,Shah,Head of Delivery,priya.shah@example-northbridge.test,+44 20 7946 0002,https://linkedin.com/in/example-priya-shah,manual_sample,,announced a new regional office
Fictitious Architecture Studio,Architecture,25,UK,https://example-ficarch.test,Owen,Clarke,Practice Manager,owen.clarke@example-ficarch.test,,https://linkedin.com/in/example-owen-clarke,manual_sample,,
Placeholder GC Group,General Contracting,150,US,https://example-placeholdergc.test,Jordan,Reyes,VP Preconstruction,jordan.reyes@example-placeholdergc.test,+1 415 555 0101,https://linkedin.com/in/example-jordan-reyes,manual_sample,hiring for 5 estimator roles,closed a $12M funding round
Sample Civil Engineering Co,Civil Engineering,60,US,https://example-samplecivil.test,Taylor,Brooks,Director of Engineering,taylor.brooks@example-samplecivil.test,+1 415 555 0102,https://linkedin.com/in/example-taylor-brooks,manual_sample,,
Testville Design Build,Design-Build,35,US,https://example-testville.test,Morgan,Lee,Founder,morgan.lee@example-testville.test,,https://linkedin.com/in/example-morgan-lee,manual_sample,,expanding into two new states
Southbank Structural Group,Structural Engineering,55,AU,https://example-southbank.test,Chloe,Nguyen,Managing Director,chloe.nguyen@example-southbank.test,+61 2 5550 0111,https://linkedin.com/in/example-chloe-nguyen,manual_sample,posted 4 open BIM technician roles,
Harbourline Architects,Architecture,20,AU,https://example-harbourline.test,Liam,O'Connor,Director,liam.oconnor@example-harbourline.test,+61 2 5550 0112,https://linkedin.com/in/example-liam-oconnor,manual_sample,,
Placeholder MEP AU,MEP Contracting,90,AU,https://example-mepau.test,Sophie,Baker,Operations Manager,sophie.baker@example-mepau.test,,https://linkedin.com/in/example-sophie-baker,manual_sample,,announced expansion into Melbourne
